metric,value
test/coach420/ap_iou_0.3,0.8157865405082703
test/coach420/ap_iou_0.5,0.6327997446060181
test/coach420/query_dca_topn,0.863095223903656
test/coach420/query_dca_topn_plus_2,0.9315476417541504
test/coach420/query_dcc_topn,0.738095223903656
test/coach420/query_dcc_topn_plus_2,0.824404776096344
test/coach420/site_ap_iou_0.3,0.8157865405082703
test/coach420/site_ap_iou_0.5,0.6327997446060181
test/coach420/site_dca_topn,0.1130952388048172
test/coach420/site_dca_topn_plus_2,0.1398809552192688
test/coach420/site_dcc_topn,0.0059523810632526875
test/coach420/site_dcc_topn_plus_2,0.011904762126505375
test/holo4k/ap_iou_0.3,0.805209755897522
test/holo4k/ap_iou_0.5,0.6385785937309265
test/holo4k/query_dca_topn,0.8770530223846436
test/holo4k/query_dca_topn_plus_2,0.9319568276405334
test/holo4k/query_dcc_topn,0.7667761445045471
test/holo4k/query_dcc_topn_plus_2,0.8338807821273804
test/holo4k/site_ap_iou_0.3,0.805209755897522
test/holo4k/site_ap_iou_0.5,0.6385785937309265
test/holo4k/site_dca_topn,0.15532614290714264
test/holo4k/site_dca_topn_plus_2,0.1999061405658722
test/holo4k/site_dcc_topn,0.017362739890813828
test/holo4k/site_dcc_topn_plus_2,0.02017831988632679
